user_id,name,email,signup_date
1,Doris Turner,jessica63@example.com,2023-07-10
2,Theresa Adams,apittman@example.net,2024-10-16
3,Catherine Parker,derek75@example.org,2024-12-29
4,Peter Perez,anne06@example.net,2025-01-16
5,Curtis Johnson,gordondavid@example.net,2024-08-06
6,Kurt Howard,tperkins@example.com,2025-05-14
7,Terry Tran,jamie08@example.org,2024-02-20
8,Gina Lewis DVM,tylerevans@example.org,2024-06-23
9,Steven Gregory,alexandrareeves@example.org,2025-06-04
10,Gary Guerra,aaron16@example.org,2023-11-18
11,Michelle Lowe,fwilkins@example.com,2025-02-07
12,Chad Phillips,ellisnatasha@example.org,2023-07-13
13,Alexis Clark,nscott@example.com,2024-06-20
14,Joshua Moran,ohoward@example.org,2024-01-16
15,Jeremy Sanchez,clarksarah@example.com,2024-10-07
16,Lauren Ellis,pmyers@example.org,2023-08-01
17,Sharon Garcia,lperez@example.org,2023-08-13
18,Andrew Bonilla,debrafreeman@example.com,2023-11-29
19,Randy Hall,stevewoodward@example.net,2025-04-29
20,Sharon Cox,cgray@example.org,2023-11-17
21,Lori Wright,tina44@example.net,2025-06-05
22,Loretta Santiago,buchananpaul@example.org,2023-11-16
23,Meghan Sherman,mevans@example.org,2023-10-20
24,Jordan Lee,jameskristina@example.net,2023-09-30
25,Mrs. Michelle Dawson,alijasmine@example.org,2025-05-14
26,Jordan Peterson,vasquezrobert@example.com,2023-12-07
27,Tara Hernandez,nicolebaird@example.org,2024-03-04
28,Sara Chapman,summergriffin@example.com,2025-01-30
29,Kenneth Lewis,preynolds@example.com,2023-12-22
30,Norma Weaver,johnsonwesley@example.com,2024-04-20
31,Monica Brown,amywood@example.com,2025-05-07
32,Patrick Mcdonald,angela44@example.net,2023-07-15
33,Roger Gardner,jamiereilly@example.com,2023-11-02
34,Sara Burgess,valdezmark@example.com,2023-11-11
35,Kenneth Cline,taylormary@example.net,2023-09-21
36,Rebecca Mcmahon,jordanhess@example.com,2024-12-26
37,Lisa Fowler,michael37@example.org,2025-05-14
38,Sarah Hines,william41@example.net,2023-08-11
39,Heather Smith,carlajenkins@example.net,2025-01-17
40,Andrea Johnson,lopezcynthia@example.net,2024-12-28
41,Christopher Stein,sandrafriedman@example.org,2023-11-19
42,Oscar Smith,iyoung@example.com,2025-01-11
43,Matthew Lucas,christopher21@example.net,2024-11-05
44,Deborah Barber,coletrevino@example.net,2025-02-24
45,Sherry Smith,michaelgardner@example.com,2024-08-20
46,Tiffany Fleming,kendra24@example.net,2025-06-18
47,Kelly Garcia,allengibson@example.org,2023-12-14
48,Taylor Gibson,cathy11@example.org,2023-12-20
49,Robert Garza,nicholaswise@example.com,2025-05-03
50,Paul Trujillo,kleinedward@example.org,2024-01-16
51,Benjamin Lawrence,michelle66@example.com,2023-11-02
52,Andrew Gonzalez,contrerasrichard@example.com,2025-05-16
53,Julie Roberts,msmith@example.net,2025-02-24
54,Christine Vega,heatherbradford@example.net,2024-10-03
55,Tina Charles,schultzsarah@example.com,2024-05-17
56,Jessica Garrett,phillipscassandra@example.net,2024-03-29
57,Samuel Houston,smithmichael@example.net,2024-12-06
58,Cindy Hale,joshua66@example.net,2024-07-15
59,Sonia Richardson,mcdonaldjason@example.org,2025-06-24
60,Jill Martinez,hillheather@example.net,2024-04-03
61,David Moore,tyler30@example.net,2023-07-17
62,Claudia Rivera,williamsapril@example.org,2024-02-16
63,Jennifer Thompson,tara13@example.org,2023-12-10
64,Richard Rice,joshuayoung@example.net,2025-03-13
65,Aaron Ramirez,lisa62@example.com,2023-12-29
66,Veronica Dillon,julian55@example.net,2023-10-07
67,Marvin Valenzuela,lisacarey@example.com,2025-06-12
68,Emily Jimenez,rhondacastro@example.net,2023-12-16
69,Shannon Jones,elizabeth14@example.net,2023-12-10
70,Stacy Walker,zkerr@example.com,2024-05-30
71,Anna Norman,devindiaz@example.org,2023-07-31
72,Leslie Martinez,ericthompson@example.net,2023-12-05
73,Zachary Patterson,olsentyler@example.com,2024-11-07
74,Robert Decker,amandaterrell@example.com,2024-04-16
75,Geoffrey Hunt,charleseaton@example.net,2024-07-28
76,Sarah Murray,nicholas03@example.org,2024-11-22
77,Douglas York,leebrandon@example.net,2023-09-22
78,Jose Chapman,kelly89@example.net,2023-11-04
79,Anthony Sanchez,lynncarolyn@example.net,2023-09-09
80,Shawn Anderson PhD,frostamanda@example.com,2025-03-27
81,Benjamin Wilkinson,toni91@example.org,2023-11-14
82,Regina Nolan,kbrown@example.net,2024-09-15
83,Christopher Ferguson,anitagoodwin@example.org,2023-09-30
84,Matthew Hall,pamela25@example.org,2023-09-27
85,Joseph Brown,walkerrose@example.org,2023-07-26
86,Emily Soto,heatherhammond@example.org,2024-04-05
87,Amanda Bell,qshepherd@example.com,2023-12-12
88,Cory Garcia,tshaw@example.net,2024-11-30
89,Evelyn Gonzalez,angelabarber@example.com,2024-06-02
90,Jessica Moore,rickychandler@example.com,2025-03-24
91,William Fernandez,obennett@example.net,2023-12-09
92,Mary Hall,aguirreclaire@example.net,2023-12-12
93,Gina Walker,lewismichael@example.com,2025-05-24
94,Brandon David,jason50@example.org,2024-10-26
95,Deanna Harrell,atodd@example.org,2025-01-04
96,Gregg Jones,kmyers@example.org,2025-02-07
97,Jennifer Wilson,tamara08@example.org,2025-02-08
98,Alexa Turner,meghanfranklin@example.net,2024-07-26
99,Linda Ford,vincent57@example.org,2024-06-25
100,Grace Cruz,melissa61@example.com,2023-11-01
